sa_finance1_cocode,Company,sa_finance1_year,sa_ann_rep_months,sa_fs_format,sa_pct_shares_hld_govt,sa_bd_tot_risk_wt_ast_and_contingencies,sa_bsl_cap_adeq_ratio,sa_bsl_t1_cap_adeq_ratio,sa_bsl_tot_elg_cap,sa_bsl_tier1_elg_cap,sa_bd_bsl3_cet1_cap_ratio,sa_bd_bsl3_cap_adeq_ratio,sa_bd_bsl3_t1_cap_adeq_ratio,sa_bd_bsl3_t2_cap_adeq_ratio,sa_bd_bsl3_cap_adeq_amt,sa_bd_cap_adeq_ratio_series,sa_bd_int_inc_pct_working_funds,sa_bd_non_int_inc_pct_working_funds,sa_bd_op_profit_pct_working_funds,sa_gnpa_advance,sa_bd_nnpa_pct_net_adv,sa_bd_return_on_ast,sa_bd_profit_per_employee,sa_bd_gross_npa_opening_bal,sa_bd_gross_npa_closing_bal,sa_bd_net_npa_opening_bal,sa_bd_net_npa_closing_bal,sa_bd_prov_for_npa,sa_total_gross_restruc_acs,sa_bd_non_corp_debt_restruct,sa_bd_corp_debt_restruct,sa_bd_total_no_borrower_restuct_acs,sa_bd_total_no_borrower_non_corp_debt_restruct,sa_bd_total_no_borrower_corp_debt_restruct,sa_bd_gross_npa_bank,sa_bd_gross_npa_rbi,sa_bd_divergence_gross_npa,sa_bd_net_npa_bank,sa_bd_net_npa_rbi,sa_bd_divergence_net_npa,sa_bd_credit_deposit_ratio,sa_net_int_margin,sa_bd_int_spread,sa_bd_avg_ret_on_adv,sa_bd_avg_cost_of_deposits,Year
4950,ABU DHABI COMMERCIAL BANK LTD.,20190331,12,IGAAP,,,,,,,27.18,28.12,27.18,0.94,,28.12,6.59,0.2,0.13,,,-0.19,-0.632,231.1,533.8,13.5,,134.3,,,,,,,,,,,,,,,,,,2019
11019,ALLAHABAD BANK,20190331,12,IGAAP,85.82,,12.51,9.68,,,9.65,12.51,9.68,2.83,,12.51,7.03,0.71,1.15,17.55,5.22,-3.48,-3.6,265627.9,287047.8,122291.3,74193.1,212614.5,4955,4955,,5371,727,,265627.9,276914.9,11287,122291,129383,7092,76.32,2.58,,7.89,5.1,2019
15214,ANDHRA BANK,20190331,12,IGAAP,90.85,,,,,,8.42,13.68,10.38,3.3,,13.68,7.44,0.8,1.97,16.21,5.73,-1.09,-0.014,281243.6,289739.7,126368.7,90914,198482.1,7313.1,7313.1,,16,16,,281243.6,282341.6,1098,126368.7,121651.7,-4717,81.29,3.31,,8.54,5.53,2019
18056,APNA SAHAKARI BANK LTD.,20190331,12,IGAAP,,27180.6,,,,,,,,,,11.33,8.64,0.73,0.99,,,0.51,0.252,589,1478.7,,769.3,709.4,357.3,357.3,,7,7,,,,,,,,,,,,6.06,2019
18647,A B BANK LTD.,20190331,12,IGAAP,,,,,,,33.28,33.56,33.28,0.28,,33.56,3.55,12.82,8.54,,,4.28,2.9,89,,,,0,92.3,,92.3,2,2,,,,,,,,,,,,,2019
24787,AUSTRALIA & NEW ZEALAND BANKING GROUP LTD.,20190331,12,IGAAP,,,,,,,18.42,18.82,25.2,0.4,,18.82,5,1.31,1.72,,,0.21,1.949,,999.7,,,999.7,,,,,,,,,,,,,,,,,,2019
27277,B N P PARIBAS,20190331,12,IGAAP,,,,,,,15.01,17.53,15.01,2.52,,17.53,6.35,0.68,1.82,0.05,0,1.15,9.9,69,69,,,69,111.3,,111.3,2,,2,,,,,,,,,,,,2019
29885,FINCARE SMALL FINANCE BANK LTD.,20190331,12,IGAAP,,,,,,,21.48,23.63,21.48,2.15,6843.9,23.63,19.74,2.27,4.89,1.29,0.34,3.33,0.2,172.2,358.9,131.7,94.9,264,1.6,1.6,,164,164,,,,,,,,,,,,,2019
30129,PT BANK MAYBANK INDONESIA T B K,20190331,12,IGAAP,,,,,,,121.91,122.29,121.91,0.38,,122.29,5.99,1.69,-0.29,13.85,,-0.35,-0.4,177.8,,,,177.8,,,,,,,,,,,,,,,,,,2019
30134,BANK OF AMERICA N A,20190331,12,IGAAP,,,,,,,23.87,24.68,23.87,0.81,,24.68,5.99,2.4,4.1,,,2.22,18.7,,,,,,,,,,,,,,,,,,,,,,,2019
30135,BANK OF BAHRAIN & KUWAIT BSC,20190331,12,IGAAP,,16036.1,,,,,25.38,25.96,25.38,0.58,4163,25.96,7.2,0.39,1.56,4.61,2.88,0.38,0.9,186.2,795.5,127.2,487.9,297.1,,,,,,,,,,,,,,,,,,2019
30136,BANK OF BARODA,20190331,12,IGAAP,63.26,,,,,,10.38,13.42,11.55,1.87,,13.42,7.26,0.88,1.96,9.61,3.33,0.06,0.8,564803.8,482327.6,234826.5,156095,326232.6,144688,131604.9,13083.1,24986,24973,13,,,,,,,80.27,2.72,2.71,7.65,4.68,2019
30144,BANK OF CEYLON,20190331,12,IGAAP,,,,,,,31.68,32.93,31.68,1.25,,32.93,8.04,1.41,5.74,,,2.98,0.1,34.5,34.5,,21.3,13.2,,,,,,,,,,,,,,,,,,2019
30148,BANK OF INDIA,20190331,12,IGAAP,87.05,,,,,,11.01,14.19,11.07,3.12,,14.19,6.14,0.77,1.22,15.43,5.61,-0.84,-1.13,649230.6,631292.4,301185.3,213751.6,396036.1,186610,143070,43540,30382,30368,23,623284.6,625734.6,2450,282072.7,270333.7,-11739,,2.56,,8.23,4.5,2019
30153,BANK OF MAHARASHTRA,20190331,12,IGAAP,87.74,,,,,,9.88,11.86,9.91,1.95,,11.86,6.82,0.97,1.38,16.4,5.52,-3.01,-3.705,184332.3,153244.9,97271.9,45593.3,107217.3,,,,,,,184332.3,185624.3,1292,96411.9,94530.8,-1881.1,66.45,2.53,,,4.99,2019
30155,BANK OF NOVA SCOTIA,20190331,12,IGAAP,,,,,,,33.15,34.19,33.15,1.04,,34.19,5.07,0.5,0.96,,,0.53,3.171,940.2,680.5,,,680.4,,,,,,,,,,,,,,,,,,2019
30160,M U F G BANK LTD.,20190331,12,IGAAP,,,,,,,20.62,21.27,20.62,0.65,,21.27,6.34,1.64,2.48,0.58,,1.62,9.3,855.6,809.4,533.5,6.5,803,,,,,,,,,,,,,,,,,,2019
30592,BARCLAYS BANK PLC,20190331,12,IGAAP,,,,,,,15.59,16.3,15.59,0.71,,16.3,5.28,0.8,2.44,2,,1,11.5,783.5,2958.4,,543.7,2414.7,,,,,,,783.5,783.5,0,,,,,,,,,2019
33697,BHARAT CO-OP. BANK (MUMBAI) LTD.,20190331,12,IGAAP,,83278.5,,,,,,,,,,13.32,8.91,0.63,1.52,,,0.75,0.677,3834.4,5797.6,,3265.2,2532.4,4454,4454.1,,29,29,,,,,,,,67.88,,,,6.92,2019
37529,BOMBAY MERCANTILE CO-OP. BANK LTD.,20190331,12,IGAAP,,12084.1,,,,,,,,,,13.92,6.77,2.8,-0.72,,,0.08,0.02,467.1,451.1,451.1,244,207.1,71.8,71.8,,4,4,,,,,,,,,,,,3.96,2019
41860,CANARA BANK,20190331,12,IGAAP,70.62,,,,,,8.31,11.9,9.04,2.86,,11.9,7.59,1.27,1.72,9.63,5.37,0.06,0.1,474684.7,392241.2,285424,229551.1,160477.7,128517.7,75674.2,52843.5,41468,41430,38,,,,,,,,2.63,,8.39,5.66,2019
42183,CAPITAL SMALL FINANCE BANK LTD.,20190331,12,IGAAP,,,17.47,10.51,,,,,,,,17.47,9.03,0.82,0.89,1.3,0.93,0.51,0.3,211.3,339.6,154.3,242.2,97.4,,,,,,,,,,,,,,3.58,3.96,,,2019
43046,C S B BANK LTD.,20190331,12,IGAAP,,706780.4,,,,,16.03,16.7,16.03,0.67,,16.7,7.7,0.78,0.08,4.87,2.27,-1.13,-0.7,7641.3,5306.2,4162.9,2406.8,2864.2,261.8,261.8,,77,76,1,,,,,,,70.19,2.51,,,,2019
43461,CENTRAL BANK OF INDIA,20190331,12,IGAAP,91.2,,,,,,7.49,9.31,7.49,2.12,,9.31,6.81,0.73,0.94,19.29,7.73,-1.7,-1.555,381307,323560.4,173778.7,113332.4,199335.8,50308.6,35154.4,15154.2,14679,14660,19,381307,387669,6362,173778.7,178306.7,4528,55.94,2.54,,7.28,5.21,2019
45644,CHEMBUR NAGARIK SAHAKARI BANK LTD.,20190331,12,IGAAP,,3023.7,,,,,,,,,,14.33,8.3,0.99,0.67,,,0.29,0.1,212.1,372.1,90.4,257.4,114.7,,,,,,,,,,,,,,,,,6.63,2019
47982,CITIBANK N A,20190331,12,IGAAP,,,,,,,15.6,16.49,15.6,0.89,,16.49,7,2.35,4.54,,0.51,2.57,8.8,8658.2,8491.1,3050.7,3126.2,5365,1654.7,1654.7,,10912,10912,,,,,,,,,,,,,2019
48067,CITIZENCREDIT CO-OP. BANK LTD.,20190331,12,IGAAP,,16350.8,,,,,,,,,,19.64,7.76,1.1,0.92,4.99,1.65,0.31,0.2,847.8,771.1,,,585.6,130.6,130.6,,1,1,,,,,,,,,,,,5.91,2019
48177,CITY UNION BANK LTD.,20190331,12,IGAAP,,,,,,,13.16,15.55,15.03,0.52,,15.55,9.06,1.24,2.98,2.95,1.81,1.64,1.2,8565.5,5116.6,4747.8,5914.6,3812.8,1312.3,1312.3,,103,103,,,,,,,,,4.32,,10.95,6.17,2019
48840,COASTAL LOCAL AREA BANK LTD.,20190331,12,IGAAP,,,,,,,,,,,,21.25,12.24,2.92,4.55,2.55,1.91,2.85,0.492,43.8,97.1,28,71.9,25.3,,,,,,,,,,,,,73.29,6.39,,14.3,6.46,2019
51380,CORPORATION BANK,20190331,12,IGAAP,93.5,,,,,,10.39,12.3,10.52,1.78,,12.3,7.74,0.93,1.93,15.35,5.71,-3.14,-3.6,222134.4,207236.8,140770.2,69266.4,135253.8,102589.8,57533.9,45055.9,1554,1504,50,222134.4,225950.4,3816,140770.2,138368.2,-2402,65.69,3.05,,9.43,5.4,2019
51594,COSMOS CO-OPERATIVE BANK LTD.,20190331,12,IGAAP,,122011.9,,,,,,,,,,12.89,7.92,1.1,1.06,8.53,6.3,,0.077,10177.7,9895.2,9895.2,7136.8,2487.1,2946.1,2946.1,,13,13,,,,,,,,75.81,,,,6.34,2019
58799,DEUTSCHE BANK A G,20190331,12,IGAAP,,968816.9,,,,,15.37,16.03,15.37,0.66,155334,16.03,6.02,1.29,2.64,2.91,1.44,1.27,7.181,10233.2,14244.4,3049.2,6946.5,7297.9,352.5,142.5,210,4,3,1,,,,,,,,,,,,2019
59045,D C B BANK LTD.,20190331,12,IGAAP,,221746.6,,,,,13.1,16.81,13.1,3.71,37275.9,16.81,9.27,1.07,1.97,1.84,0.65,0.99,0.5,3690.3,4394.8,1467.2,1537.7,2857.1,782.4,782.4,,92,92,,,,,,,,,3.83,,,,2019
59594,DHANLAXMI BANK LTD.,20190331,12,IGAAP,,60136.1,,,,,10.57,13.75,10.57,3.18,8269.1,13.75,7.73,0.42,0.76,7.47,2.41,0.1,0.1,4693.1,4958.4,1946.5,1517.1,3437.3,985.4,775,210.4,308,305,3,,,,,,,,,,,,2019
62460,DOMBIVLI NAGARI SAHAKARI BANK LTD.,20190331,12,IGAAP,,31125.8,,,,,,12.77,8.72,4.05,,12.77,8.42,1.42,2.29,6.01,2.82,0.72,0.445,1908.9,11689.6,815.8,766.4,923.1,299.3,299.3,,6,6,,,,,,,,,,,,,2019
72607,FEDERAL BANK LTD.,20190331,12,IGAAP,,937643.2,,,,,13.38,14.14,13.38,0.76,132601.8,14.14,8.05,0.95,1.95,2.92,1.48,0.88,1,27956.2,32606.8,15519.6,16262,16063.2,8095.3,6972.2,1123.1,1613,1607,6,,,,,,,,3.14,,9.24,5.78,2019
85611,GREATER BOMBAY CO-OP. BANK LTD.,20190331,12,IGAAP,,10176.1,,,,,,,,,,10.15,9.09,0.74,1.79,6.64,2.95,0.45,0.279,919.1,946.2,457.6,404.9,541.3,,,,,,,,,,,,,,3.36,,,5.88,2019
88297,H D F C BANK LTD.,20190331,12,IGAAP,,9319298.7,,,,,14.93,17.11,15.78,1.33,1594576.4,17.11,8.93,1.59,3.58,1.36,0.39,1.9,2.3,86069.7,112241.6,26010.2,32145.2,80096.4,3094.8,2528.1,566.7,13,9,4,,,,,,,,4.3,,,,2019
95018,HONGKONG & SHANGHAI BANKING CORPN. LTD.,20190331,12,IGAAP,,1190340.5,,,,,16.88,17.89,16.88,1.01,212961.9,17.89,6.49,1.28,2.93,,19,1.67,6.5,9242.7,5977.1,1440.1,1291.2,4686,130.4,60.8,68.8,118,118,2,,,,,,,,,,,,2019
96379,I C I C I BANK LTD.,20190331,12,IGAAP,,6873750,,,,,13.63,16.89,15.09,1.8,,16.89,7.35,1.68,2.72,7.38,2.29,0.39,0.4,532401.8,456760.4,278235.6,134497.2,322263.2,95101.3,62054.2,33047.1,3392,3356,36,,,,,,,,3.42,2.93,8.96,487,2019
98668,INDIAN BANK,20190331,12,IGAAP,81.49,,,,,,10.96,13.21,11.29,1.92,,13.21,7.32,0.72,1.86,7.11,3.75,0.12,0.2,119901.4,133534.5,59595.6,67931.1,61318.6,54275.5,49802.2,4473.3,33456,33450,6,119901.4,121686.4,1785,59595.6,60009.6,414,77.62,2.96,,8.45,5.28,2019
98918,INDIAN OVERSEAS BANK,20190331,12,IGAAP,92.52,,,,,,7.82,10.21,7.85,2.36,,10.21,7.04,1.68,2,21.97,10.81,1.35,-1.4,381801.5,333981.2,203996.6,143683,186472.3,137147.3,95792.6,41354.7,8654,8627,27,381801.5,385177.5,3376,203996.6,207372.6,3376,,2.08,,7.41,5.39,2019
100224,INDUSIND BANK LTD.,20190331,12,IGAAP,,,,,,,12.07,14.16,13.7,0.46,,14.16,9.38,2.38,3.41,2.1,1.21,1.39,1.19,17049.1,39474.1,7456.7,22482.8,16991.3,2750.5,2421.7,328.8,3797,3795,2,,,,,,,,3.8,,11.26,6.58,2019
100283,I D B I BANK LTD.,20190331,12,IGAAP,46.46,,,,,,8.91,11.58,9.13,2.45,,11.58,6.84,1.02,1.26,27.47,10.11,-4.68,-8.8,555882.5,500279.4,286651.4,148374.4,351904.9,124608.8,110596.2,14012.5,3596,3570,26,555882.5,598404.6,42522.1,286651.4,288869.4,2218,,,,,,2019
107160,JAMMU & KASHMIR BANK LTD.,20190331,12,IGAAP,,,,,,,9.13,12.46,9.13,1.86,,12.46,8.05,0.85,1.8,8.97,4.89,0.49,0.4,60067,62213.5,27911.2,32396.1,28680.1,49995.7,49598,397.7,32169,32162,7,60067,65157,5090,27911.2,31948.2,4037,49.52,,,9.05,4.9,2019
107317,JANAKALYAN SAHAKARI BANK LTD.,20190331,12,IGAAP,,12036.2,,,,,,,,,,10.26,8.63,-0.25,1.24,,,0.69,0.4,1279.6,899.7,,323.1,666.3,,,,,,,,,,,,,53.24,,,,5.87,2019
107387,JANATA SAHAKARI BANK LTD.,20190331,12,IGAAP,,48866.3,,,,,,,,,,13.83,8.32,0.86,1.44,9.17,5.31,0.32,1.2,3948.8,4802.5,,2669.2,2133.2,206.9,206.9,,8,8,,,,,,,,,,,,6.47,2019
114898,KALYAN JANATA SAHAKARI BANK LTD.,20190331,12,IGAAP,,20363.9,,,,,,,,,,12.46,8.28,0.51,1.03,3.67,2.05,0.61,0.7,1158,781.8,492.9,438.8,,60.3,60.2,,2,2,,,,,,,,,,,,6.25,2019
116686,KAPOL CO-OP. BANK LTD.,20190331,12,IGAAP,,1221.7,,,,,,,,,,-139.44,2.41,0.22,-3.79,,,,,1396.4,1413.8,491.9,429.3,988.3,,,,,,,,,,,,,,,,,4.65,2019
117230,KARNATAKA BANK LTD.,20190331,12,IGAAP,,,,,,,11.17,13.17,11.17,2,,13.17,7.89,1.34,1.94,4.41,2.95,0.64,0.6,23760.7,24563.8,14005.1,16167.1,8105.5,8724,8724,,468,468,,,,,,,,,,,,,2019
117648,KARUR VYSYA BANK LTD.,20190331,12,IGAAP,,,,,,,14.28,16,14.28,1.72,,16,8.45,1.4,2.49,8.79,4.98,0.31,0.275,30157.6,44495.7,18628.3,24203.4,19611.9,7505,6957.4,547.6,85,83,2,,,,,,,,3.67,,9.75,5.8,2019
121964,KOKAN MERCANTILE CO-OP. BANK LTD.,20190331,12,IGAAP,,4501.3,,,,,,,,,,18.04,8.7,0.33,1.93,6.05,0.74,1.02,0.252,246.3,245.8,,20.1,217.3,,,,,,,,,,,,,68.64,,,,4.84,2019
122573,KOTAK MAHINDRA BANK LTD.,20190331,12,IGAAP,,,,,,,16.72,17.45,16.93,0.52,,17.45,8.33,1.6,2.9,2.14,0.75,1.69,1.2,38253.8,44679.4,16650.5,15443.7,29235.7,6128.1,3731.9,2396.2,7668,7660,8,,,,,,,91.1,4.3,,,,2019
123726,KRUNG THAI BANK PUBLIC CO. LTD.,20190331,12,IGAAP,,,,,,,70.88,72.13,70.88,1.25,,72.13,6.32,0.13,2.62,,,1.46,6.3,,,,,,,,,,,,,,,,,,,,,,,2019
126471,LAKSHMI VILAS BANK LTD.,20190331,12,IGAAP,,,,,,,5.72,7.72,5.72,2,,7.72,7.41,0.65,-0.03,,7.49,-2.32,-0.018,26942.1,33589.9,14578.9,15062.9,17852.7,4909.7,2223.8,2685.9,,12,4,26942.1,28359.1,1417,14578.9,14370.9,-208,,1.65,,,,2019
137037,MALAD SAHAKARI BANK LTD.,20190331,12,IGAAP,,2090.4,,,,,,,,,,,8.39,1.13,0.96,,,0.55,0.4,80.4,119.1,14.3,84.1,,,,,,,,,,,,,,,,,,6.21,2019
141103,MASHREQBANK P S C,20190331,12,IGAAP,,,,,,,76.33,77.2,76.33,0.87,,77.2,5.05,6.34,5.64,,,3.73,11,,,,,,,,,,,,,,,,,,,,,,,2019
150821,MUMBAI DISTRICT CENTRAL CO-OP. BANK LTD.,20190331,12,IGAAP,,29968.4,,,,,,,,,,11.22,7.58,0.18,0.32,7.15,1.33,0,0.006,1669,1794.4,,,1480.7,,,,,,,,,,,,,,,,,6.28,2019
153772,NAINITAL BANK LTD.,20190331,12,IGAAP,,,15.15,14.52,,,,14.85,14.41,0.44,,14.85,8.11,0.36,1.36,10.65,5.77,0.34,0.003,1674.8,3882.2,382.5,1995.2,1747,,,,,,,,,,,,,50.02,2.82,,9.74,5.94,2019
155560,NATIONAL CO-OP. BANK LTD.,20190331,12,IGAAP,,,,,,,,,,,,,7.75,0.35,0.45,,,0.14,0.073,,252.7,,105.5,,,,,,,,,,,,,,,,,,6.85,2019
158431,NEW INDIA CO-OP. BANK LTD.,20190331,12,IGAAP,,16994.2,,,,,,,,,,11.32,7.26,1.16,0.56,,,0.23,0.3,390.8,438.2,400,204.3,,242.7,242.7,,2,2,,,,,,,,,,,,6.38,2019
161557,N K G S B CO-OP. BANK LTD.,20190331,12,IGAAP,,46447.2,,,,,,,,,,12.9,8.13,0.59,1.07,4.76,2.94,0.49,0.3,3171.6,2008,,885.8,904.4,,,,,,,,,,,,,69,,,,6.48,2019
164888,ORIENTAL BANK OF COMMERCE,20190331,12,IGAAP,87.58,,,,,,9.86,12.73,9.98,2.75,,12.73,7.11,1.06,1.49,12.66,5.93,0.02,0.025,261336.4,217170.7,142828.8,94396.2,121203.8,45385,33049.5,10547.6,4575,4565,10,,,,,,,73.77,2.18,,,5.64,2019
183763,PUNJAB & MAHARASHTRA CO-OP. BANK LTD.,20190331,12,IGAAP,,83635.3,,,,,,,,,,12.62,9.08,0.66,1.84,3.76,2.19,0.82,0.6,1480,3152.4,771.5,1805.9,1346.5,295.8,295.8,,3,3,,,,,,,,,4.25,,0.75,7.01,2019
183764,PUNJAB & SIND BANK,20190331,12,IGAAP,85.56,,10.71,8.27,117522.1,57517.2,7.8,10.93,9.5,1.43,,10.93,7.42,0.72,1.21,,7.22,-0.47,-0.606,78016.5,86058.7,46078.7,49942.3,35636,4265.7,3538,,1221,1221,,78016.5,78884.5,868,46078.7,45245.7,-833,,,,8.61,6.01,2019
183861,PUNJAB NATIONAL BANK,20190331,12,IGAAP,75.41,,,,,,6.2,9.73,7.49,2.24,,9.73,6.44,0.93,1.63,15.5,6.56,-1.25,-1.5,866200.5,784727,486842.9,300376.6,481198.1,47154.3,41151.5,6002.9,1765,1758,7,866200.5,875157.5,8957,486842.9,458131.9,-28711,67.79,2.41,,7.72,5.14,2019
188444,COOPERATIEVE RABOBANK U A,20190331,12,IGAAP,,,,,,,24.98,26.07,24.98,1.09,,26.07,6.86,0.65,1.21,,,1.85,16.2,2364.2,1265.3,,,1265.4,,,,,,,,,,,,,,,,,,2019
194815,R B L BANK LTD.,20190331,12,IGAAP,,,,,,,12.1,13.46,12.1,1.36,,13.46,9.42,2.16,2.9,1.38,1.38,1.3,1.5,5667.3,7546.2,3125.6,3727.4,3818.8,151.4,151.4,,5,5,,,,,,,,,4.14,,,,2019
212644,SARASWAT CO-OPERATIVE BANK LTD.,20190331,12,IGAAP,,249244.9,,,,,,,,,,13.16,7.04,0.96,0.93,4.63,1.8,0.72,0.9,8722.7,11935.7,2139.1,4518.9,7416.8,6435.9,3093.4,770.3,30,25,3,,,,,,,,2.92,,,5.87,2019
218442,SHAMRAO VITHAL CO-OP. BANK LTD.,20190331,12,IGAAP,,118592.4,,,,,,,,,,12.9,8.41,0.79,1.38,3.5,1.85,0.82,0.5,3703.8,4027.7,4027.7,2151.7,1728,,,,,,,,,,,,,,,,,6.26,2019
229938,SOCIETE GENERALE,20190331,12,IGAAP,,102806.9,,,,,15.86,16.59,15.86,0.73,17057.2,16.59,5.07,1.76,1.67,,3.04,0.09,0.551,700,1489.2,525,454.5,1034.7,,,,,,,,,,,,,,,,,,2019
231715,SOUTH INDIAN BANK LTD.,20190331,12,IGAAP,,514020.7,12.61,9.97,,,9.97,12.61,9.97,2.64,64810.2,12.61,7.94,0.84,1.43,4.92,3.45,0.29,0.3,19803,31316.6,14158,21636.2,9378.4,1392.2,2573,410.2,43755,1341,3,,,,,,,,,,,,2019
235766,STANDARD CHARTERED BANK - INDIA BRANCHES,20190331,12,IGAAP,,1678238.2,,,,,14.67,15.46,14.67,0.79,,15.46,6.7,1.17,2.51,9.13,0.39,1.38,3.318,84411,66907.8,3738.5,2598.4,64309.5,6570.2,4074.1,2496.1,22,15,7,,,,,,,,,,,,2019
236328,STATE BANK OF INDIA,20190331,12,IGAAP,57.13,,12.85,10.38,,,9.62,12.72,10.65,2.07,,12.72,6.55,0.99,1.49,7.53,3.01,0.02,0.033,2234274.6,1727503.6,1108547,658947.4,1068556.2,205620.8,135234.2,70386.7,1895,1838,57,,,,,,,,,,0.02,,2019
239434,SUMITOMO MITSUI BANKING CORPN.,20190331,12,IGAAP,,,,,,,29.78,30.33,29.78,0.55,,30.33,6.87,0.45,2.01,,,1.12,0.095,,,,,,,,,,,,,,,,,,,,,,,2019
245437,SYNDICATE BANK,20190331,12,IGAAP,84.66,,,,,,9.31,14.23,11.36,2.87,,14.23,7.28,0.74,0.94,11.37,6.16,-0.87,-0.82,257586,246803.7,132394.6,126277.3,118130.4,40862.5,33640.1,7222.4,88706,88699,8,,,,,,,83.55,2.42,,7.52,5.13,2019
247206,TAMILNAD MERCANTILE BANK LTD.,20190331,12,IGAAP,,,,,,,14.35,14.86,14.35,0.51,,14.86,8.45,1.09,2.32,,2.4,0.68,0.6,8682.8,11681.1,3549.9,5316,6365.1,251.7,251.7,,4,4,,,,,,,,,,,,,2019
250155,T J S B SAHAKARI BANK LTD.,20190331,12,IGAAP,,62109,,,,,,,,,,15.23,8.84,0.8,1.94,4.67,0.19,1.23,1,2597.8,2644.9,114.1,105,,,196.7,,,6,,,,,,,,,,,,6.04,2019
256066,AXIS BANK LTD.,20190331,12,IGAAP,,5520480.6,,,,,11.27,15.87,12.54,3.3,874595.8,15.87,7.38,1.76,2.55,5.31,2.2,0.63,0.761,342486.4,297894.4,165917.1,112756,183507.9,65255.8,55664.4,9591.5,898,886,12,,,,,,,,3.43,,9.44,5.12,2019
256249,UCO BANK,20190331,12,IGAAP,93.29,,,,,,8.64,10.7,8.64,2.06,,10.7,6.11,0.65,1.18,25,9.72,-1.84,-1.864,305499.2,298883.3,140820.7,96499.2,189937.1,84164.7,56201.4,27577.4,5482,5443,37,305499.2,305472.4,-26.8,140820.7,134186.3,-6634.4,60.42,1.84,,9.52,5.07,2019
257360,UNION BANK OF INDIA,20190331,12,IGAAP,74.27,2783440,,,,,8.02,11.78,9.48,2.3,,11.78,6.85,0.9,1.51,14.98,6.85,-0.59,-0.8,493699.3,487291.5,243263.1,203324.2,283967.3,115498,80479.2,35018.9,10427,7402,25,493700,502370,8670,243260,229120,-14140,79.27,2.23,2.05,7.71,5.57,2019
257827,UNITED BANK OF INDIA,20190331,12,IGAAP,96.83,,13,10.14,,,10.14,13,10.14,2.86,77280,13,5.91,1.65,0.97,16.48,8.67,-1.6,1.023,165521.1,120533.8,103163,57856.1,61683.1,26161.9,12866.3,25964.5,8584,8637,-53,165521.1,165791.1,270,103163,97133,-6030,54.17,2.1,,7.49,4.96,2019
259528,EQUITAS SMALL FINANCE BANK LTD.,20190331,12,IGAAP,,,22.44,20.92,,,20.92,22.44,20.92,1.52,,22.44,14.39,1.92,2.89,2.53,1.44,1.43,1.5,2125.3,2957.1,1315,1864.2,1092.9,53.9,53.9,,3385,3385,,,,,,,,,,,,,2019
261628,VAISHYA SAHAKARI BANK LTD.,20190331,12,IGAAP,,917.3,,,,,,,,,,12.9,9.18,0.81,0.34,,,0.26,0.1,32,39.2,20,26.7,12.5,,,,,,,,,,,,,,,,,6.2,2019
275658,ZOROASTRIAN CO-OP. BANK LTD.,20190331,12,IGAAP,,7773.5,,,,,,,,,,17.56,7.98,0.36,1.49,2.65,,1.15,0.994,105.5,174.7,26.7,31.2,310,,,,,,,,,,,,,,2.64,,10.53,6.11,2019
317398,MIZUHO BANK LTD.,20190331,12,IGAAP,,,,,,,23.93,24.45,23.93,0.51,,24.45,6.16,0.85,2.55,0.06,,1.25,5.9,63.4,63.4,,,63.4,,,,,,,,,,,,,,,53059,,,2019
319602,KRISHNA BHIMA SAMRUDDHI LOCAL AREA BANK LTD.,20190331,12,IGAAP,,1719.9,,,,,,,,,,23.06,14.08,2.79,1.91,4.18,1.92,0.85,0.059,48.6,74.1,14.5,33.3,40.8,,,,,,,48.6,48.8,0.2,14.5,14.7,0.2,81.04,7.3,,16.84,6.98,2019
338992,SHRI ARIHANT CO-OP. BANK LTD.,20190331,12,IGAAP,,1517.2,,,,,,,,,,20.44,8.14,0.71,0.48,,,0.37,0.2,51.5,37.2,26.7,10.9,26.3,,,,,,,,,,,,,,,,6,,2019
346831,"J P MORGAN CHASE BANK, NATIONAL ASSOCIATION",20190331,12,IGAAP,,,,,,,19.89,20.42,19.89,0.53,,20.42,4.7,2.24,4.64,,,2.61,44.661,,,,,,,,,,,,,,,,,,,,,,,2019
354608,YES BANK LTD.,20190331,12,IGAAP,,,,,,,8.4,16.5,11.3,5.2,504591.3,16.5,9,1.4,2.47,,1.86,0.52,0.9,26268,78825.6,13127.5,44848.5,33977.2,1215.8,972.8,243,5,5,2,,,,,,,106.01,3.2,,,,2019
367709,SREE NARAYANA GURU CO-OP. BANK LTD.,20190331,12,IGAAP,,418.8,,,,,,,,,,18.25,9.14,0.45,1,1.03,0.8,0.34,0.058,6.9,7.4,,3.2,,,,,,,,,,,,,,,,,,6.36,2019
370406,KARAD URBAN CO-OP. BANK LTD.,20190331,12,IGAAP,,13848.4,,,,,,,,,,15.61,8.77,0.4,1.34,13.15,7.19,0.63,0.253,1807.4,2349.8,,1201.9,1292.9,,,,,,,,,,,,,,,,,6.79,2019
375042,SHINHAN BANK,20190331,12,IGAAP,,,,,,,22.96,23.5,22.96,0.54,,23.5,6.94,0.77,1.68,1.46,1.26,0.86,2.527,,1000,,850,150,,,,,,,,,,,,,,,,,,2019
380713,A U SMALL FINANCE BANK LTD.,20190331,12,IGAAP,,,19.31,15.96,36947.3,30534,,,,,,19.31,12.02,1.88,2.94,2.04,1.29,1.48,0.3,2697.4,4701.4,1693.4,,1756.4,10.4,10.4,,5,5,,,,,,,,,,,,,2019
385163,J S C VTB BANK,20190331,12,IGAAP,,,,,,,231.46,232.1,231.46,0.64,,232.1,,,,,,,,198.1,,,,0,,,,,,,,,,,,,,,,,,2019
385164,AMERICAN EXPRESS BANKING CORPN.,20190331,12,IGAAP,,,,,,,14.92,24.36,14.92,9.44,,24.36,6.53,17.88,3.54,,2.03,0.36,0.42,488.5,1995.9,385.5,1082.1,913.7,737.6,737.6,,1,1,,,,,,,,,,,,,2019
389348,NATIONAL BANK OF ABU DHABI,20190331,12,IGAAP,,,,,,,117.19,118.29,117.19,1.1,,118.29,6.21,3.67,6.19,,,3.3,15.902,,,,,,,,,,,,,,,,,,,,,,,2019
389483,FIRSTRAND BANK LTD.,20190331,12,IGAAP,,,,,,,28.54,29.18,28.54,0.64,,29.18,6.02,1.55,0.45,,,0.08,0.4,,280,,210,70,,,,,,,,,,,,,,,,,,2019
397609,AIRTEL PAYMENTS BANK LTD.,20190331,12,IGAAP,,,45.26,45.26,,,,,,,,45.26,5.19,18.5,-30.78,,,-31.55,-6.7,,,,,,,,,,,,,,,,,,,,,,,2019
397686,JANA SMALL FINANCE BANK LTD.,20190331,12,IGAAP,,,,,,,12.27,18.81,12.27,6.54,,18.81,10.57,1,-4.87,,4.39,-16.48,-0.012,31828.3,5225.9,16708.9,2730.8,2495.1,1707.7,1707.7,,148080,148080,,,,,,,,,,,,,2019
410756,UNITED OVERSEAS BANK - MUMBAI BRANCH,20190331,12,IGAAP,,,,,,,150.27,150.79,150.27,0.52,,150.79,6.25,1.04,3.39,,,-0.95,-5.3,801.9,1551.9,,,1551.9,,,,,,,,,,,,,,,,,,2019
412269,CREDIT SUISSE A G (MUMBAI),20190331,12,IGAAP,,,,,,,41.71,42.02,41.71,0.31,,42.02,6.7,-0.34,2.96,,,0.22,4.5,,,,,,,,,,,,,,,,,,,,,,,2019
412738,S B E R BANK,20190331,12,IGAAP,,,,,,,116.3,116.99,116.3,0.69,,116.99,3.44,8.87,7.77,55.03,,4.29,12.613,918.5,918.5,,,918.5,,,,,,,,,,,,,,,,,,2019
434941,BARODA GUJARAT GRAMIN BANK,20190331,12,IGAAP,50,,,,,,,,,,,9.68,7.77,0.52,0.12,5.4,2.73,0.04,0.015,808.4,1039.7,295.2,511.5,528.2,,,,,,,,,,,,,49.78,,,9.59,5.2,2019
437980,NATIONAL AUSTRALIA BANK LTD.,20190331,12,IGAAP,,,,,,,591.83,591.83,591.83,0,,591.83,6.71,0.05,2.57,,,1.35,8.3,,,,,,,,,,,,,,,,,,,,,,,2019
441102,ANDHRA PRADESH GRAMEENA VIKAS BANK,20190331,12,IGAAP,50,,,,,,,,,,,15.5,9.32,1.13,3.75,1.14,0.34,0.44,0.4,1956.4,1891,280.3,556.2,1334.8,,,,,,,,,,,,,,4.36,,11.35,5.88,2019
441116,SAURASHTRA GRAMIN BANK,20190331,12,IGAAP,50,,,,,,,,,,,10.7,8.69,0.81,2.88,0.97,,0.49,0.3,280.8,401.5,,,399.3,,,,,,,,,,,,,73.24,3.96,,10.5,5.21,2019
442510,INDUSTRIAL & COMMERCIAL BANK OF CHINA LTD.,20190331,12,IGAAP,,,,,,,31.12,31.75,31.12,0.63,,31.75,6.89,0.81,1.65,3.85,,1.06,6.8,471.7,500.5,,,500.5,,,,,,,,,,,,,,,,,,2019
446213,SURYODAY SMALL FINANCE BANK LTD.,20190331,12,IGAAP,,,35.98,33.67,9085,8500,33.67,35.98,33.67,2.31,,35.98,18.38,2.4,7.36,1.81,0.77,3,0.3,565.7,496.2,354.9,208.9,287.3,3.8,3.7,,237,237,,,,,,,,,,,,,2019
461918,MADHYANCHAL GRAMIN BANK,20190331,12,IGAAP,50,,,,,,,,,,,5.07,6.24,0.45,-0.36,,18.75,-1.37,-0.7,8238.1,6549.7,5109.6,3954.4,2595.3,,,,,,,,,,,,,31.41,2.08,,,,2019
463094,WESTPAC BANKING CORPN.,20190331,12,IGAAP,,,,,,,,,,,,75.87,5.21,0.66,1.74,,,1.14,7.4,,,,,,,,,,,,,,,,,,,,,,,2019
472258,INDUSTRIAL BANK OF KOREA,20190331,12,IGAAP,,,,,,,120.83,121.65,120.83,0.82,,121.65,6.45,1.87,4.76,,,2.48,4.7,,,,,,,,,,,,,,,,,,,,,,,2019
472595,WOORI BANK,20190331,12,IGAAP,,,,,,,,31.95,31.42,0.53,,31.95,7.17,0.56,1.19,,,0.4,0,,128.9,,,128.9,,,,,,,,,,,,,,,,,,2019
473428,ROYAL BANK OF SCOTLAND PLC,20190331,12,IGAAP,,,,,,,312.76,313.3,312.76,0.54,,313.3,4.78,0.73,2.34,,,1.96,21.9,1147.4,,1147.4,,,,,,,,,,,,,,,,,,,,2019
512651,I D F C FIRST BANK LTD.,20190331,12,IGAAP,5.47,1137458.2,,,,,15.28,15.47,15.28,0.19,175923.9,15.47,8.25,0.65,-1.21,2.43,1.27,-1.2,-2.1,17790.5,21360.4,8911.6,11066.3,10294.1,8150.9,8150.9,,7,7,,,,,,,,78,1.9,,,,2019
524457,BANDHAN BANK LTD.,20190331,12,IGAAP,,,,,,,27.88,29.2,27.88,1.32,,29.2,14.46,2.31,8.16,2.04,0.58,4.25,0.6,3731.4,8195.6,1729,2283.2,5912.4,,,,,,,,,,,,,,10.43,,,,2019
541024,DOHA BANK Q S C,20190331,12,IGAAP,,,,,,,,,,,,30.47,5.98,2.5,1.14,0.92,,1.09,1.9,88.8,88.8,,,88.8,,,,,,,,,,,,,,,,,,2019
544538,ADITYA BIRLA IDEA PAYMENTS BANK LTD.,20190331,12,INDAS,,,,,,,,,,,,,,,,,,,,,,,,,,,,,,,,,,,,,,,,,,2019
552359,PAYTM PAYMENTS BANK LTD.,20190331,12,IGAAP,,,,,,,45.41,45.41,45.41,,,45.41,4.76,50.93,1.08,,,0.64,0.3,,,,,,,,,,,,,,,,,,,,,,,2019
555060,INDIA POST PAYMENTS BANK LTD.,20190331,12,IGAAP,,,,,,,,,,,,,,,,,,,,,,,,,,,,,,,,,,,,,,,,,,2019
555551,UJJIVAN SMALL FINANCE BANK LTD.,20190331,12,IGAAP,,,18.95,18.39,17031.7,16533.7,16.17,18.94,18.39,0.55,,18.94,17.28,1.94,2.93,0.92,0.26,1.88,0.153,2759.2,978.5,509.3,275.5,703.1,254.6,254.6,,16690,16690,,,,,,,,,,,,,2019
560614,UTKARSH SMALL FINANCE BANK LTD.,20190331,12,IGAAP,,,,,,,20.34,24.14,20.34,3.8,,24.14,17.39,1.18,4.56,1.39,0.12,1.86,0.1,574.7,655.7,337.2,56.9,598.8,,,,,,,,,,,,,,,,,,2019
569422,ESAF SMALL FINANCE BANK LTD.,20190331,12,IGAAP,,40322.2,,,,,22.1,27.59,23.3,4.29,,27.59,17.34,1.83,3.85,1.61,0.77,1.52,0.4,1210.5,740.1,848.1,352,388.1,,,,,,,,,,,,,,,,,,2019
576395,N S D L PAYMENTS BANK LTD.,20190331,12,IGAAP,,,231.06,231.06,,,,,,,,231.06,2.33,0.35,-3.51,,,-2.9,,,,,,,,,,,,,,,,,,,,,,,,2019
579338,NORTH EAST SMALL FINANCE BANK LTD.,20190331,12,IGAAP,,,22.82,22.27,,,,,,,,22.82,16.98,0.78,3.96,1.02,0.32,2.29,0.232,92.8,143,46.5,44.1,98.9,,,,,,,,,,,,,,,,,,2019
597332,S B M BANK (INDIA) LTD.,20190331,12,IGAAP,,,,,,,47.17,48.84,47.17,1.67,,48.84,6.63,0.73,-8.81,,8.81,-9.62,-17.4,,1493.1,,506.7,,,,,,,,,,,,,,,,,,,2019
